intent,mood,topic
greeting,neutral,conversation
positive,positive,good_news
sadness,sad,emotions
loneliness,lonely,social
exam_stress,anxious,college
anxiety,anxious,worry
relationship,uncertain,relationships
family,frustrated,family
career,uncertain,career
work_stress,stressed,work
motivation,unmotivated,goals
overwhelm,overwhelmed,tasks
gratitude,grateful,reflection
uncertainty,confused,decisions
anger,angry,conflict
sleep,tired,sleep
self_reflection,reflective,self_reflection
casual,neutral,conversation
negated_distress,neutral,emotions
high_risk,distressed,safety
